"Dataset Name","Observation Date","Series Key","Series Display Name","Observation Value","Unit","Observation Status","Observation Status Comment","Sequence No.","Series name"
"Import Payments by all Commodities-HS2 level","31-Aug-2026","TS_GP_BOP_MRECCOM_M.IMPA00010","01- Import Payments of Live Animals and Animals Products","7993.5663","Thousand USD","Normal","","10","Import Payments of Live Animals and Animals Products"
"Import Payments by all Commodities-HS2 level","31-Aug-2026","TS_GP_BOP_MRECCOM_M.IMPA00020","......01- Import Payments of Live Animals","259.1825","Thousand USD","Normal","","20","Import Payments of Live Animals"
"Import Payments by all Commodities-HS2 level","31-Aug-2026","TS_GP_BOP_MRECCOM_M.IMPA00030","......02- Import Payments of Meat and Edible Meat Offal","188.6745","Thousand USD","Normal","","30","Import Payments of Meat and Edible Meat Offal"
"Import Payments by all Commodities-HS2 level","31-Aug-2026","TS_GP_BOP_MRECCOM_M.IMPA00040","......03- Import Payments of Fish and Crustaceans","412.3408","Thousand USD","Normal","","40","Import Payments of Fish and Crustaceans"
"Import Payments by all Commodities-HS2 level","31-Aug-2026","TS_GP_BOP_MRECCOM_M.IMPA00050","......04- Import Payments of Dairy, Eggs, Honey and Edible Products","6791.5831","Thousand USD","Normal","","50","Import Payments of Dairy, Eggs, Honey and Edible Products"
"Import Payments by all Commodities-HS2 level","31-Aug-2026","TS_GP_BOP_MRECCOM_M.IMPA00060","......05- Import Payments of Products of Animal origin NES","341.7854","Thousand USD","Normal","","60","Import Payments of Products of Animal origin NES"
"Import Payments by all Commodities-HS2 level","31-Aug-2026","TS_GP_BOP_MRECCOM_M.IMPA00070","02- Import Payments of Vegetable Products","339101.8045","Thousand USD","Normal","","70","Import Payments of Vegetable Products"
"Import Payments by all Commodities-HS2 level","31-Aug-2026","TS_GP_BOP_MRECCOM_M.IMPA00080","......06- Import Payments of Live Trees and other Plants","39.187","Thousand USD","Normal","","80","Import Payments of Live Trees and other Plants"
"Import Payments by all Commodities-HS2 level","31-Aug-2026","TS_GP_BOP_MRECCOM_M.IMPA00090","......07- Import Payments of Edible Vegetables","35748.094","Thousand USD","Normal","","90","Import Payments of Edible Vegetables"
"Import Payments by all Commodities-HS2 level","31-Aug-2026","TS_GP_BOP_MRECCOM_M.IMPA00100","......08- Import Payments of Edible Fruits and Nuts","5539.0036","Thousand USD","Normal","","100","Import Payments of Edible Fruits and Nuts"
"Import Payments by all Commodities-HS2 level","31-Aug-2026","TS_GP_BOP_MRECCOM_M.IMPA00110","......09- Import Payments of Coffee, Tea, Mate and Spices","76756.9648","Thousand USD","Normal","","110","Import Payments of Coffee, Tea, Mate and Spices"
"Import Payments by all Commodities-HS2 level","31-Aug-2026","TS_GP_BOP_MRECCOM_M.IMPA00120","......10- Import Payments of Cereals","15395.1465","Thousand USD","Normal","","120","Import Payments of Cereals"
"Import Payments by all Commodities-HS2 level","31-Aug-2026","TS_GP_BOP_MRECCOM_M.IMPA00130","......11- Import Payments of Products of Milling Industry","1092.3053","Thousand USD","Normal","","130","Import Payments of Products of Milling Industry"
"Import Payments by all Commodities-HS2 level","31-Aug-2026","TS_GP_BOP_MRECCOM_M.IMPA00140","......12- Import Payments of Oil Seeds and Oleaginous Fruit","201014.9261","Thousand USD","Normal","","140","Import Payments of Oil Seeds and Oleaginous Fruit"
"Import Payments by all Commodities-HS2 level","31-Aug-2026","TS_GP_BOP_MRECCOM_M.IMPA00150","......13- Import Payments of Other Vegetable Saps and Extracts; Lac,Gums,Resins","1240.3122","Thousand USD","Normal","","150","Import Payments of Other Vegetable Saps and Extracts; Lac,Gums,Resins"
"Import Payments by all Commodities-HS2 level","31-Aug-2026","TS_GP_BOP_MRECCOM_M.IMPA00160","......14- Import Payments of Vegetable Planting Materials","2275.865","Thousand USD","Normal","","160","Import Payments of Vegetable Planting Materials"
"Import Payments by all Commodities-HS2 level","31-Aug-2026","TS_GP_BOP_MRECCOM_M.IMPA00170","03- Import Payments of Animal or Vegetable Fats, Oils and Waxes","260244.8797","Thousand USD","Normal","","170","Import Payments of Animal or Vegetable Fats, Oils and Waxes"
"Import Payments by all Commodities-HS2 level","31-Aug-2026","TS_GP_BOP_MRECCOM_M.IMPA00180","......15- Import Payments of Animal or Vegetable Fats, Oils & Cleavage Products","260244.8797","Thousand USD","Normal","","180","Import Payments of Animal or Vegetable Fats, Oils & Cleavage Products"
"Import Payments by all Commodities-HS2 level","31-Aug-2026","TS_GP_BOP_MRECCOM_M.IMPA00190","04- Import Payments of Prepared Foodstuffs; Beverages, Spirits, Vinegar and Tobacco","53432.2463","Thousand USD","Normal","","190","Import Payments of Prepared Foodstuffs; Beverages, Spirits, Vinegar and Tobacco"
"Import Payments by all Commodities-HS2 level","31-Aug-2026","TS_GP_BOP_MRECCOM_M.IMPA00200","......16- Import Payments of Preparation of Meat, Fish and Crustaceans etc..","335.6234","Thousand USD","Normal","","200","Import Payments of Preparation of Meat, Fish and Crustaceans etc.."
"Import Payments by all Commodities-HS2 level","31-Aug-2026","TS_GP_BOP_MRECCOM_M.IMPA00210","......17- Import Payments of Sugars and Sugar Confectionery","4040.5568","Thousand USD","Normal","","210","Import Payments of Sugars and Sugar Confectionery"
"Import Payments by all Commodities-HS2 level","31-Aug-2026","TS_GP_BOP_MRECCOM_M.IMPA00220","......18- Import Payments of Cocoa and Cocoa Preparations","7329.2517","Thousand USD","Normal","","220","Import Payments of Cocoa and Cocoa Preparations"
"Import Payments by all Commodities-HS2 level","31-Aug-2026","TS_GP_BOP_MRECCOM_M.IMPA00230","......19- Import Payments of Preparation of Cereals, Flour and Starch etc..","8944.3722","Thousand USD","Normal","","230","Import Payments of Preparation of Cereals, Flour and Starch etc.."
"Import Payments by all Commodities-HS2 level","31-Aug-2026","TS_GP_BOP_MRECCOM_M.IMPA00240","......20- Import Payments of Preparation of Vegetables, Fruits and Nuts etc..","2334.4773","Thousand USD","Normal","","240","Import Payments of Preparation of Vegetables, Fruits and Nuts etc.."
"Import Payments by all Commodities-HS2 level","31-Aug-2026","TS_GP_BOP_MRECCOM_M.IMPA00250","......21- Import Payments of Miscellaneous Edible Preparations","11720.9219","Thousand USD","Normal","","250","Import Payments of Miscellaneous Edible Preparations"
"Import Payments by all Commodities-HS2 level","31-Aug-2026","TS_GP_BOP_MRECCOM_M.IMPA00260","......22- Import Payments of Beverages, Spirits and Vinegar","540.9882","Thousand USD","Normal","","260","Import Payments of Beverages, Spirits and Vinegar"
"Import Payments by all Commodities-HS2 level","31-Aug-2026","TS_GP_BOP_MRECCOM_M.IMPA00270","......23- Import Payments of Residues from Food Industries, Animal Fodder","13921.7668","Thousand USD","Normal","","270","Import Payments of Residues from Food Industries, Animal Fodder"
"Import Payments by all Commodities-HS2 level","31-Aug-2026","TS_GP_BOP_MRECCOM_M.IMPA00280","......24- Import Payments of Tobacco and Manufactured Tobacco Substitutes","4264.288","Thousand USD","Normal","","280","Import Payments of Tobacco and Manufactured Tobacco Substitutes"
"Import Payments by all Commodities-HS2 level","31-Aug-2026","TS_GP_BOP_MRECCOM_M.IMPA00290","05- Import Payments of Mineral Products","1574842.67","Thousand USD","Normal","","290","Import Payments of Mineral Products"
"Import Payments by all Commodities-HS2 level","31-Aug-2026","TS_GP_BOP_MRECCOM_M.IMPA00300","......25- Import Payments of Salt, Sulfur, Earth's and Stones, Lime and Stone","20928.0762","Thousand USD","Normal","","300","Import Payments of Salt, Sulfur, Earth's and Stones, Lime and Stone"
"Import Payments by all Commodities-HS2 level","31-Aug-2026","TS_GP_BOP_MRECCOM_M.IMPA00310","......26- Import Payments of Ores Slag and Ash","4832.4336","Thousand USD","Normal","","310","Import Payments of Ores Slag and Ash"
"Import Payments by all Commodities-HS2 level","31-Aug-2026","TS_GP_BOP_MRECCOM_M.IMPA00320","......27- Import Payments of Mineral Fuels, Oils and Their Distillation Product","1549082.16","Thousand USD","Normal","","320","Import Payments of Mineral Fuels, Oils and Their Distillation Product"
"Import Payments by all Commodities-HS2 level","31-Aug-2026","TS_GP_BOP_MRECCOM_M.IMPA00330","06- Import Payments of Products of Chemical or Allied Industries","611805.3211","Thousand USD","Normal","","330","Import Payments of Products of Chemical or Allied Industries"
"Import Payments by all Commodities-HS2 level","31-Aug-2026","TS_GP_BOP_MRECCOM_M.IMPA00340","......28- Import Payments of Organic or Inorganic Compounds of Precious Metals","97577.0534","Thousand USD","Normal","","340","Import Payments of Organic or Inorganic Compounds of Precious Metals"
"Import Payments by all Commodities-HS2 level","31-Aug-2026","TS_GP_BOP_MRECCOM_M.IMPA00350","......29- Import Payments of Organic Chemicals","223080.4056","Thousand USD","Normal","","350","Import Payments of Organic Chemicals"
"Import Payments by all Commodities-HS2 level","31-Aug-2026","TS_GP_BOP_MRECCOM_M.IMPA00360","......30- Import Payments of Pharmaceutical Products","39460.8757","Thousand USD","Normal","","360","Import Payments of Pharmaceutical Products"
"Import Payments by all Commodities-HS2 level","31-Aug-2026","TS_GP_BOP_MRECCOM_M.IMPA00370","......31- Import Payments of Fertilizers","60224.9587","Thousand USD","Normal","","370","Import Payments of Fertilizers"
"Import Payments by all Commodities-HS2 level","31-Aug-2026","TS_GP_BOP_MRECCOM_M.IMPA00380","......32- Import Payments of Tanning or Dyeing Extracts","47146.5711","Thousand USD","Normal","","380","Import Payments of Tanning or Dyeing Extracts"
"Import Payments by all Commodities-HS2 level","31-Aug-2026","TS_GP_BOP_MRECCOM_M.IMPA00390","......33- Import Payments of Oils & Resinoids, Perfumery or Toilet Preparation","17498.162","Thousand USD","Normal","","390","Import Payments of Oils & Resinoids, Perfumery or Toilet Preparation"
"Import Payments by all Commodities-HS2 level","31-Aug-2026","TS_GP_BOP_MRECCOM_M.IMPA00400","......34- Import Payments of Soap, Org. Surface-Active agents ,Washing Products","21230.6206","Thousand USD","Normal","","400","Import Payments of Soap, Org. Surface-Active agents ,Washing Products"
"Import Payments by all Commodities-HS2 level","31-Aug-2026","TS_GP_BOP_MRECCOM_M.IMPA00410","......35- Import Payments of Albuminoidal Substances; Starches, Glues, Enzymes","19178.1859","Thousand USD","Normal","","410","Import Payments of Albuminoidal Substances; Starches, Glues, Enzymes"
"Import Payments by all Commodities-HS2 level","31-Aug-2026","TS_GP_BOP_MRECCOM_M.IMPA00420","......36- Import Payments of Explosives, Pyrotechnic Products and Matches etc..","1.8558","Thousand USD","Normal","","420","Import Payments of Explosives, Pyrotechnic Products and Matches etc.."
"Import Payments by all Commodities-HS2 level","31-Aug-2026","TS_GP_BOP_MRECCOM_M.IMPA00430","......37- Import Payments of Photographic or Cinematographic Goods","2023.0791","Thousand USD","Normal","","430","Import Payments of Photographic or Cinematographic Goods"
"Import Payments by all Commodities-HS2 level","31-Aug-2026","TS_GP_BOP_MRECCOM_M.IMPA00440","......38- Import Payments of Miscellaneous Chemical Products","84383.5532","Thousand USD","Normal","","440","Import Payments of Miscellaneous Chemical Products"
"Import Payments by all Commodities-HS2 level","31-Aug-2026","TS_GP_BOP_MRECCOM_M.IMPA00450","07- Import Payments of Plastics and articles thereof; Rubber and articles thereof","301953.057","Thousand USD","Normal","","450","Import Payments of Plastics and articles thereof; Rubber and articles thereof"
"Import Payments by all Commodities-HS2 level","31-Aug-2026","TS_GP_BOP_MRECCOM_M.IMPA00460","......39- Import Payments of Plastics and articles thereof","234982.7734","Thousand USD","Normal","","460","Import Payments of Plastics and articles thereof"
"Import Payments by all Commodities-HS2 level","31-Aug-2026","TS_GP_BOP_MRECCOM_M.IMPA00470","......40- Import Payments of Rubbers and articles thereof","66970.2836","Thousand USD","Normal","","470","Import Payments of Rubbers and articles thereof"
"Import Payments by all Commodities-HS2 level","31-Aug-2026","TS_GP_BOP_MRECCOM_M.IMPA00480","08- Import Payments of Raw Hide and Skins, Leather, Fur skins and articles thereof","6377.07","Thousand USD","Normal","","480","Import Payments of Raw Hide and Skins, Leather, Fur skins and articles thereof"
"Import Payments by all Commodities-HS2 level","31-Aug-2026","TS_GP_BOP_MRECCOM_M.IMPA00490","......41- Import Payments of Raw Hides, Skins and Leather other than Fur skins","4268.5156","Thousand USD","Normal","","490","Import Payments of Raw Hides, Skins and Leather other than Fur skins"
"Import Payments by all Commodities-HS2 level","31-Aug-2026","TS_GP_BOP_MRECCOM_M.IMPA00500","......42- Import Payments of articles of Leather, Travel Goods and Handbags etc.","1892.4842","Thousand USD","Normal","","500","Import Payments of articles of Leather, Travel Goods and Handbags etc."
"Import Payments by all Commodities-HS2 level","31-Aug-2026","TS_GP_BOP_MRECCOM_M.IMPA00510","......43- Import Payments of Fur skins and Artificial Fur, Manufactures thereof","216.0702","Thousand USD","Normal","","510","Import Payments of Fur skins and Artificial Fur, Manufactures thereof"
"Import Payments by all Commodities-HS2 level","31-Aug-2026","TS_GP_BOP_MRECCOM_M.IMPA00520","09- Import Payments of Wood and articles of Wood","12117.6336","Thousand USD","Normal","","520","Import Payments of Wood and articles of Wood"
"Import Payments by all Commodities-HS2 level","31-Aug-2026","TS_GP_BOP_MRECCOM_M.IMPA00530","......44- Import Payments of Wood and articles of Wood; Wood Charcoal","12023.26","Thousand USD","Normal","","530","Import Payments of Wood and articles of Wood; Wood Charcoal"
"Import Payments by all Commodities-HS2 level","31-Aug-2026","TS_GP_BOP_MRECCOM_M.IMPA00540","......45- Import Payments of Cork and articles of Cork","12.0256","Thousand USD","Normal","","540","Import Payments of Cork and articles of Cork"
"Import Payments by all Commodities-HS2 level","31-Aug-2026","TS_GP_BOP_MRECCOM_M.IMPA00550","......46- Import Payments of Manufactured of Straw, Basket ware and Wickerwork","82.348","Thousand USD","Normal","","550","Import Payments of Manufactured of Straw, Basket ware and Wickerwork"
"Import Payments by all Commodities-HS2 level","31-Aug-2026","TS_GP_BOP_MRECCOM_M.IMPA00560","10- Import Payments of Pulp of Wood or of other Fibrous Cellulosic Material","64784.4359","Thousand USD","Normal","","560","Import Payments of Pulp of Wood or of other Fibrous Cellulosic Material"
"Import Payments by all Commodities-HS2 level","31-Aug-2026","TS_GP_BOP_MRECCOM_M.IMPA00570","......47- Import Payments of Pulp of Wood or other Fibrous Cellulosic Materials","20759.4952","Thousand USD","Normal","","570","Import Payments of Pulp of Wood or other Fibrous Cellulosic Materials"
"Import Payments by all Commodities-HS2 level","31-Aug-2026","TS_GP_BOP_MRECCOM_M.IMPA00580","......48- Import Payments of Paper and Paperboard, articles of Paper Pulp","42036.7629","Thousand USD","Normal","","580","Import Payments of Paper and Paperboard, articles of Paper Pulp"
"Import Payments by all Commodities-HS2 level","31-Aug-2026","TS_GP_BOP_MRECCOM_M.IMPA00590","......49- Import Payments of Books, Newspapers & Products of Printing Industry","1988.1778","Thousand USD","Normal","","590","Import Payments of Books, Newspapers & Products of Printing Industry"
"Import Payments by all Commodities-HS2 level","31-Aug-2026","TS_GP_BOP_MRECCOM_M.IMPA00600","11- Import Payments of Textiles and Textile articles","440067.9742","Thousand USD","Normal","","600","Import Payments of Textiles and Textile articles"
"Import Payments by all Commodities-HS2 level","31-Aug-2026","TS_GP_BOP_MRECCOM_M.IMPA00610","......50- Import Payments of Silk","344.3663","Thousand USD","Normal","","610","Import Payments of Silk"
"Import Payments by all Commodities-HS2 level","31-Aug-2026","TS_GP_BOP_MRECCOM_M.IMPA00620","......51- Import Payments of Wool, Fine or Coarse Animal Hair, Horsehair Yarn","1365.3863","Thousand USD","Normal","","620","Import Payments of Wool, Fine or Coarse Animal Hair, Horsehair Yarn"
"Import Payments by all Commodities-HS2 level","31-Aug-2026","TS_GP_BOP_MRECCOM_M.IMPA00630","......52- Import Payments of Cotton","182654.7252","Thousand USD","Normal","","630","Import Payments of Cotton"
"Import Payments by all Commodities-HS2 level","31-Aug-2026","TS_GP_BOP_MRECCOM_M.IMPA00640","......53- Import Payments of Other Vegetable Textile Fibres; Paper Yarn etc..","1807.3982","Thousand USD","Normal","","640","Import Payments of Other Vegetable Textile Fibres; Paper Yarn etc.."
"Import Payments by all Commodities-HS2 level","31-Aug-2026","TS_GP_BOP_MRECCOM_M.IMPA00650","......54- Import Payments of Man-Made Filaments","85699.1756","Thousand USD","Normal","","650","Import Payments of Man-Made Filaments"
"Import Payments by all Commodities-HS2 level","31-Aug-2026","TS_GP_BOP_MRECCOM_M.IMPA00660","......55- Import Payments of Man-Made Staple Fibers","80157.3945","Thousand USD","Normal","","660","Import Payments of Man-Made Staple Fibers"
"Import Payments by all Commodities-HS2 level","31-Aug-2026","TS_GP_BOP_MRECCOM_M.IMPA00670","......56- Import Payments of Wadding, Felt and Nonwovens, Special Yarn, Twine","8601.2127","Thousand USD","Normal","","670","Import Payments of Wadding, Felt and Nonwovens, Special Yarn, Twine"
"Import Payments by all Commodities-HS2 level","31-Aug-2026","TS_GP_BOP_MRECCOM_M.IMPA00680","......57- Import Payments of Carpets and other Textile Floor Coverings","541.7567","Thousand USD","Normal","","680","Import Payments of Carpets and other Textile Floor Coverings"
"Import Payments by all Commodities-HS2 level","31-Aug-2026","TS_GP_BOP_MRECCOM_M.IMPA00690","......58- Import Payments of Special Woven Fabrics,Tufted Textiles Fabrics,Lace","14704.6407","Thousand USD","Normal","","690","Import Payments of Special Woven Fabrics,Tufted Textiles Fabrics,Lace"
"Import Payments by all Commodities-HS2 level","31-Aug-2026","TS_GP_BOP_MRECCOM_M.IMPA00700","......59- Import Payments of Impregnated, Coated, Covered or Lamented Tex. Fab.","12357.148","Thousand USD","Normal","","700","Import Payments of Impregnated, Coated, Covered or Lamented Tex. Fab."
"Import Payments by all Commodities-HS2 level","31-Aug-2026","TS_GP_BOP_MRECCOM_M.IMPA00710","......60- Import Payments of Knitted or Crocheted Fabrics","25857.2801","Thousand USD","Normal","","710","Import Payments of Knitted or Crocheted Fabrics"
"Import Payments by all Commodities-HS2 level","31-Aug-2026","TS_GP_BOP_MRECCOM_M.IMPA00720","......61- Import Payments of articles of Apparel & clothingg Acces.sories Knit/Cr","5280.7601","Thousand USD","Normal","","720","Import Payments of articles of Apparel & clothingg Acces.sories Knit/Cr"
"Import Payments by all Commodities-HS2 level","31-Aug-2026","TS_GP_BOP_MRECCOM_M.IMPA00730","......62- Import Payments of articles of Apparel/clothingg Acces. not Knitted /Cro","3215.044","Thousand USD","Normal","","730","Import Payments of articles of Apparel/clothingg Acces. not Knitted /Cro"
"Import Payments by all Commodities-HS2 level","31-Aug-2026","TS_GP_BOP_MRECCOM_M.IMPA00740","......63- Import Payments of Other Made-up Textile articles; Sets, Worn clothing","17481.6858","Thousand USD","Normal","","740","Import Payments of Other Made-up Textile articles; Sets, Worn clothing"
"Import Payments by all Commodities-HS2 level","31-Aug-2026","TS_GP_BOP_MRECCOM_M.IMPA00750","12- Import Payments of Footwear, Headgear, Umbrellas, Walking Sticks etc..","5876.5978","Thousand USD","Normal","","750","Import Payments of Footwear, Headgear, Umbrellas, Walking Sticks etc.."
"Import Payments by all Commodities-HS2 level","31-Aug-2026","TS_GP_BOP_MRECCOM_M.IMPA00760","......64- Import Payments of Footwear, Gaiters & the Like; Parts of such Article","4501.9744","Thousand USD","Normal","","760","Import Payments of Footwear, Gaiters & the Like; Parts of such Article"
"Import Payments by all Commodities-HS2 level","31-Aug-2026","TS_GP_BOP_MRECCOM_M.IMPA00770","......65- Import Payments of Headgear and other Parts thereof","706.1297","Thousand USD","Normal","","770","Import Payments of Headgear and other Parts thereof"
"Import Payments by all Commodities-HS2 level","31-Aug-2026","TS_GP_BOP_MRECCOM_M.IMPA00780","......66- Import Payments of Umbrellas, Walking-Sticks, hips Riding-Crops,Parts","398.7397","Thousand USD","Normal","","780","Import Payments of Umbrellas, Walking-Sticks, hips Riding-Crops,Parts"
"Import Payments by all Commodities-HS2 level","31-Aug-2026","TS_GP_BOP_MRECCOM_M.IMPA00790","......67- Import Payments of Prep Feathers, Human Hair/Artcls, Artific Flowers","269.754","Thousand USD","Normal","","790","Import Payments of Prep Feathers, Human Hair/Artcls, Artific Flowers"
"Import Payments by all Commodities-HS2 level","31-Aug-2026","TS_GP_BOP_MRECCOM_M.IMPA00800","13- Import Payments of articles of Stone, Plaster, Cement, Asbestos, Mica or similar Materials","21486.1267","Thousand USD","Normal","","800","Import Payments of articles of Stone, Plaster, Cement, Asbestos, Mica or similar Materials"
"Import Payments by all Commodities-HS2 level","31-Aug-2026","TS_GP_BOP_MRECCOM_M.IMPA00810","......68- Import Payments of articles of Stone, Plaster, Cement, Mica etc..","6299.6401","Thousand USD","Normal","","810","Import Payments of articles of Stone, Plaster, Cement, Mica etc.."
"Import Payments by all Commodities-HS2 level","31-Aug-2026","TS_GP_BOP_MRECCOM_M.IMPA00820","......69- Import Payments of Ceramic Products","3868.0876","Thousand USD","Normal","","820","Import Payments of Ceramic Products"
"Import Payments by all Commodities-HS2 level","31-Aug-2026","TS_GP_BOP_MRECCOM_M.IMPA00830","......70- Import Payments of Glass and Glassware","11318.399","Thousand USD","Normal","","830","Import Payments of Glass and Glassware"
"Import Payments by all Commodities-HS2 level","31-Aug-2026","TS_GP_BOP_MRECCOM_M.IMPA00840","14- Import Payments of Natural or Cultured Pearls, Precious or Semi Precious Stones, Metals","916.3814","Thousand USD","Normal","","840","Import Payments of Natural or Cultured Pearls, Precious or Semi Precious Stones, Metals"
"Import Payments by all Commodities-HS2 level","31-Aug-2026","TS_GP_BOP_MRECCOM_M.IMPA00850","......71- Import Payments of Pearls, Stones, Precious Metals, Imitation Jewelry","916.3814","Thousand USD","Normal","","850","Import Payments of Pearls, Stones, Precious Metals, Imitation Jewelry"
"Import Payments by all Commodities-HS2 level","31-Aug-2026","TS_GP_BOP_MRECCOM_M.IMPA00860","15- Import Payments of Base Metals and articles or Base Metal","491361.4313","Thousand USD","Normal","","860","Import Payments of Base Metals and articles or Base Metal"
"Import Payments by all Commodities-HS2 level","31-Aug-2026","TS_GP_BOP_MRECCOM_M.IMPA00870","......72- Import Payments of Iron and Steel","342613.6781","Thousand USD","Normal","","870","Import Payments of Iron and Steel"
"Import Payments by all Commodities-HS2 level","31-Aug-2026","TS_GP_BOP_MRECCOM_M.IMPA00880","......73- Import Payments of articles of Iron or Steel","37876.437","Thousand USD","Normal","","880","Import Payments of articles of Iron or Steel"
"Import Payments by all Commodities-HS2 level","31-Aug-2026","TS_GP_BOP_MRECCOM_M.IMPA00890","......74- Import Payments of Copper and articles thereof","21678.1609","Thousand USD","Normal","","890","Import Payments of Copper and articles thereof"
"Import Payments by all Commodities-HS2 level","31-Aug-2026","TS_GP_BOP_MRECCOM_M.IMPA00900","......75- Import Payments of Nickel and articles thereof","2228.5862","Thousand USD","Normal","","900","Import Payments of Nickel and articles thereof"
"Import Payments by all Commodities-HS2 level","31-Aug-2026","TS_GP_BOP_MRECCOM_M.IMPA00910","......76- Import Payments of Aluminum and articles thereof","47605.7704","Thousand USD","Normal","","910","Import Payments of Aluminum and articles thereof"
"Import Payments by all Commodities-HS2 level","31-Aug-2026","TS_GP_BOP_MRECCOM_M.IMPA00920","......78- Import Payments of Lead and articles thereof","9657.0006","Thousand USD","Normal","","920","Import Payments of Lead and articles thereof"
"Import Payments by all Commodities-HS2 level","31-Aug-2026","TS_GP_BOP_MRECCOM_M.IMPA00930","......79- Import Payments of Zinc and articles thereof","8337.501","Thousand USD","Normal","","930","Import Payments of Zinc and articles thereof"
"Import Payments by all Commodities-HS2 level","31-Aug-2026","TS_GP_BOP_MRECCOM_M.IMPA00940","......80- Import Payments of Tin and articles thereof","1098.925","Thousand USD","Normal","","940","Import Payments of Tin and articles thereof"
"Import Payments by all Commodities-HS2 level","31-Aug-2026","TS_GP_BOP_MRECCOM_M.IMPA00950","......81- Import Payments of Other Base Metals; Cermets; articles thereof NES","1184.5698","Thousand USD","Normal","","950","Import Payments of Other Base Metals; Cermets; articles thereof NES"
"Import Payments by all Commodities-HS2 level","31-Aug-2026","TS_GP_BOP_MRECCOM_M.IMPA00960","......82- Import Payments of Tools, Implements, Cutlery,Spoons & Forks of Base","9227.7342","Thousand USD","Normal","","960","Import Payments of Tools, Implements, Cutlery,Spoons & Forks of Base"
"Import Payments by all Commodities-HS2 level","31-Aug-2026","TS_GP_BOP_MRECCOM_M.IMPA00970","......83- Import Payments of Miscellaneous articles of Base Metal","9853.0681","Thousand USD","Normal","","970","Import Payments of Miscellaneous articles of Base Metal"
"Import Payments by all Commodities-HS2 level","31-Aug-2026","TS_GP_BOP_MRECCOM_M.IMPA00980","16- Import Payments of Machinery and Mechanical Appliances","853650.0058","Thousand USD","Normal","","980","Import Payments of Machinery and Mechanical Appliances"
"Import Payments by all Commodities-HS2 level","31-Aug-2026","TS_GP_BOP_MRECCOM_M.IMPA00990","......84- Import Payments of Nuclear Reactors, Boilers, Machinery and Appliance","384807.6608","Thousand USD","Normal","","990","Import Payments of Nuclear Reactors, Boilers, Machinery and Appliance"
"Import Payments by all Commodities-HS2 level","31-Aug-2026","TS_GP_BOP_MRECCOM_M.IMPA01000","......85- Import Payments of Electrical Machinery & Equipment and Parts thereof","468842.345","Thousand USD","Normal","","1000","Import Payments of Electrical Machinery & Equipment and Parts thereof"
"Import Payments by all Commodities-HS2 level","31-Aug-2026","TS_GP_BOP_MRECCOM_M.IMPA01010","17- Import Payments of Vehicles, Aircraft, Vessels and Associated Transport Equipment","314762.8324","Thousand USD","Normal","","1010","Import Payments of Vehicles, Aircraft, Vessels and Associated Transport Equipment"
"Import Payments by all Commodities-HS2 level","31-Aug-2026","TS_GP_BOP_MRECCOM_M.IMPA01020","......86- Import Payments of Railway or Tramway Locomotives rolling Stock/Parts","2871.8084","Thousand USD","Normal","","1020","Import Payments of Railway or Tramway Locomotives rolling Stock/Parts"
"Import Payments by all Commodities-HS2 level","31-Aug-2026","TS_GP_BOP_MRECCOM_M.IMPA01030","......87- Import Payments of Vehicles other than Railway /Tramway Rolling Stock","296389.2401","Thousand USD","Normal","","1030","Import Payments of Vehicles other than Railway /Tramway Rolling Stock"
"Import Payments by all Commodities-HS2 level","31-Aug-2026","TS_GP_BOP_MRECCOM_M.IMPA01040","......88- Import Payments of Aircraft, Spacecraft and Parts Thereof","10804.6637","Thousand USD","Normal","","1040","Import Payments of Aircraft, Spacecraft and Parts Thereof"
"Import Payments by all Commodities-HS2 level","31-Aug-2026","TS_GP_BOP_MRECCOM_M.IMPA01050","......89- Import Payments of Ships, Boats and Floating Structures","4697.1202","Thousand USD","Normal","","1050","Import Payments of Ships, Boats and Floating Structures"
"Import Payments by all Commodities-HS2 level","31-Aug-2026","TS_GP_BOP_MRECCOM_M.IMPA01060","18- Import Payments of Optical, Photographic, Cinematographer, Measuring, Checking, Precision Apparatus","81730.4245","Thousand USD","Normal","","1060","Import Payments of Optical, Photographic, Cinematographer, Measuring, Checking, Precision Apparatus"
"Import Payments by all Commodities-HS2 level","31-Aug-2026","TS_GP_BOP_MRECCOM_M.IMPA01070","......90- Import Payments of Optical, Photographic, Measuring and Medical Inst.","80458.2368","Thousand USD","Normal","","1070","Import Payments of Optical, Photographic, Measuring and Medical Inst."
"Import Payments by all Commodities-HS2 level","31-Aug-2026","TS_GP_BOP_MRECCOM_M.IMPA01080","......91- Import Payments of Clocks and Watches and Parts Thereof","1177.3819","Thousand USD","Normal","","1080","Import Payments of Clocks and Watches and Parts Thereof"
"Import Payments by all Commodities-HS2 level","31-Aug-2026","TS_GP_BOP_MRECCOM_M.IMPA01090","......92- Import Payments of Musical Instruments; Parts and Acces.sories thereof","94.8058","Thousand USD","Normal","","1090","Import Payments of Musical Instruments; Parts and Acces.sories thereof"
"Import Payments by all Commodities-HS2 level","31-Aug-2026","TS_GP_BOP_MRECCOM_M.IMPA01100","19- Import Payments of Arms and Ammunition, Parts and Acces.sories thereof","928.1225","Thousand USD","Normal","","1100","Import Payments of Arms and Ammunition, Parts and Acces.sories thereof"
"Import Payments by all Commodities-HS2 level","31-Aug-2026","TS_GP_BOP_MRECCOM_M.IMPA01110","......93- Import Payments of Arms and Ammunition; Parts and Acces.sories thereof","928.1225","Thousand USD","Normal","","1110","Import Payments of Arms and Ammunition; Parts and Acces.sories thereof"
"Import Payments by all Commodities-HS2 level","31-Aug-2026","TS_GP_BOP_MRECCOM_M.IMPA01120","20- Import Payments of Miscellaneous Manufactured articles","25920.504","Thousand USD","Normal","","1120","Import Payments of Miscellaneous Manufactured articles"
"Import Payments by all Commodities-HS2 level","31-Aug-2026","TS_GP_BOP_MRECCOM_M.IMPA01130","......94- Import Payments of Furniture; Bedding, Mattresses, Lamps and lighting","8703.4571","Thousand USD","Normal","","1130","Import Payments of Furniture; Bedding, Mattresses, Lamps and lighting"
"Import Payments by all Commodities-HS2 level","31-Aug-2026","TS_GP_BOP_MRECCOM_M.IMPA01140","......95- Import Payments of Toys, Games and Sports Requisites; Parts & Acces..","3544.129","Thousand USD","Normal","","1140","Import Payments of Toys, Games and Sports Requisites; Parts & Acces.."
"Import Payments by all Commodities-HS2 level","31-Aug-2026","TS_GP_BOP_MRECCOM_M.IMPA01150","......96- Import Payments of Miscellaneous Manufactured articles","13672.9179","Thousand USD","Normal","","1150","Import Payments of Miscellaneous Manufactured articles"
"Import Payments by all Commodities-HS2 level","31-Aug-2026","TS_GP_BOP_MRECCOM_M.IMPA01160","21- Import Payments of Works of Arts, Collectors, Pieces, Antiques and Special Transactions NES","38941.8826","Thousand USD","Normal","","1160","Import Payments of Works of Arts, Collectors, Pieces, Antiques and Special Transactions NES"
"Import Payments by all Commodities-HS2 level","31-Aug-2026","TS_GP_BOP_MRECCOM_M.IMPA01170","......97- Import Payments of Works of Arts, Collectors' pieces and Antiques","89.012","Thousand USD","Normal","","1170","Import Payments of Works of Arts, Collectors' pieces and Antiques"
"Import Payments by all Commodities-HS2 level","31-Aug-2026","TS_GP_BOP_MRECCOM_M.IMPA01180","......99- Import Payments of Special Classification Provisions","38852.8706","Thousand USD","Normal","","1180","Import Payments of Special Classification Provisions"
"Import Payments by all Commodities-HS2 level","31-Aug-2026","TS_GP_BOP_MRECCOM_M.IMPA01190","I. Imports Payments Through Banks","5508294.967","Thousand USD","Normal","","1190","Imports Payments by Banks"
"Import Payments by all Commodities-HS2 level","31-Aug-2026","TS_GP_BOP_MRECCOM_M.IMPA01200","II. Freight & Insurance","179019.5864","Thousand USD","Normal","","1200","Freight & Insurance"
"Import Payments by all Commodities-HS2 level","31-Aug-2026","TS_GP_BOP_MRECCOM_M.IMPA01210","III. Imports Payments Banks (fob) (II-III)","5329275.381","Thousand USD","Normal","","1210","Imports Payments Banks (fob)"
"Import Payments by all Commodities-HS2 level","31-Aug-2026","TS_GP_BOP_MRECCOM_M.IMPA01220","IV. Other Imports","156687.4753","Thousand USD","Normal","","1220","Other Imports"
"Import Payments by all Commodities-HS2 level","31-Aug-2026","TS_GP_BOP_MRECCOM_M.IMPA01230","V. Total Imports as Per BOP (III+IV)","5485962.856","Thousand USD","Normal","","1230","Total Imports BOP"
